{
    "1": 71.037114,
    "2": 156.101111,
    "3": 114.042927,
    "4": 115.026943,
    "5": 103.009185,
    "6": 160.030649,
    "7": 129.042593,
    "8": 128.058578,
    "9": 57.021464,
    "10": 137.058912,
    "11": 113.084064,
    "12": 113.084064,
    "13": 128.094963,
    "14": 131.040485,
    "15": 147.068414,
    "16": 97.052764,
    "17": 87.032028,
    "18": 101.047679,
    "19": 150.95363,
    "20": 186.079313,
    "21": 163.06332,
    "22": 99.068414,
    "23": 147.0354,
    "24": 115.026943,
    "25": 129.042594,
    "26": 42.010565,
    "27": 43.005814,
    "28": -17.026549,
    "29": 25.980265
}