{
    "3": 71.037114,
    "4": 156.101111,
    "5": 114.042927,
    "6": 115.026943,
    "7": 103.009185,
    "8": 160.030649,
    "9": 129.042593,
    "10": 128.058578,
    "11": 57.021464,
    "12": 137.058912,
    "13": 113.084064,
    "14": 113.084064,
    "15": 128.094963,
    "16": 131.040485,
    "17": 147.068414,
    "18": 97.052764,
    "19": 87.032028,
    "20": 101.047679,
    "21": 150.95363,
    "22": 186.079313,
    "23": 163.06332,
    "24": 99.068414,
    "25": 147.0354,
    "26": 115.026943,
    "27": 129.042594,
    "28": 42.010565,
    "29": 43.005814,
    "30": -17.026549,
    "31": 25.980265
}